rank,hand,combos,equity_pct,win_pct,tie_pct,win_count,tie_count,denominator,rank_low,rank_high
1,AA,6,85.203713,84.931915,0.543596,10689050508,68413872,12585434400,1,1
2,KK,6,82.39568,82.117335,0.556689,10334823348,70061760,12585434400,2,2
3,QQ,6,79.925164,79.63199,0.586348,10022031864,73794456,12585434400,3,3
4,JJ,6,77.469473,77.15298,0.632987,9710037624,79664136,12585434400,4,4
5,TT,6,75.01178,74.660265,0.70303,9396318660,88479396,12585434400,5,5
6,99,6,72.057252,71.665652,0.7832,9019433616,98569116,12585434400,6,6
7,88,6,69.163035,68.717382,0.891306,8648381088,112174740,12585434400,7,7
8,AKs,4,67.044632,66.219608,1.650049,5556016860,138443904,8390289600,8,8
9,77,6,66.236023,65.725354,1.021338,8271821268,128539860,12585434400,9,9
10,AQs,4,66.208862,65.313699,1.790327,5480008468,150213656,8390289600,10,10
11,AJs,4,65.392679,64.397621,1.990117,5403146868,166976560,8390289600,11,11
12,AKo,12,65.320072,64.469378,1.701388,16227502536,428254068,25170868800,12,12
13,ATs,4,64.602387,63.488915,2.226943,5326903848,186846984,8390289600,13,13
14,AQo,12,64.431839,63.508787,1.846104,15985713540,464680428,25170868800,14,14
15,AJo,12,63.563258,62.535175,2.056166,15740646876,517554756,25170868800,15,15
16,KQs,4,63.400403,62.40842,1.983967,5236247160,166460568,8390289600,16,16
17,66,6,63.284748,62.700024,1.169449,7891070340,147180264,12585434400,17,17
18,A9s,4,62.781214,61.509674,2.54308,5160839760,213371804,8390289600,18,18
19,ATo,12,62.721655,61.568084,2.307141,15497221704,580727388,25170868800,19,19
20,KJs,4,62.56734,61.476557,2.181567,5158061144,183039776,8390289600,20,20
21,A8s,4,61.943811,60.507809,2.872003,5076780420,240969364,8390289600,21,21
22,KTs,4,61.788558,60.587065,2.402986,5083430220,201617500,8390289600,22,22
23,KQo,12,61.4558,60.432253,2.047095,15211323060,515271480,25170868800,23,23
24,A7s,4,60.983959,59.386672,3.194572,4982713800,268033864,8390289600,24,24
25,A9o,12,60.772806,59.449741,2.64613,14964016392,666053940,25170868800,25,25
26,KJo,12,60.568685,59.441233,2.254904,14961874836,567578880,25170868800,26,26
27,55,6,60.324921,59.640035,1.36977,7505957532,172391532,12585434400,27,27
28,QJs,4,60.259205,59.070876,2.376658,4956217576,199408492,8390289600,28,28
29,K9s,4,59.988476,58.638139,2.700672,4919909716,226594212,8390289600,29,29
30,A5s,4,59.922926,58.064119,3.717612,4871747772,311918448,8390289600,30,30
31,A6s,4,59.905828,58.178898,3.45386,4881378024,289788872,8390289600,31,31
32,A8o,12,59.872605,58.374156,2.996899,14693282100,754345548,25170868800,32,32
33,KTo,12,59.738915,58.494284,2.489262,14723519508,626568888,25170868800,33,33
34,QTs,4,59.467559,58.17064,2.593839,4880685140,217630608,8390289600,34,34
35,A4s,4,59.033636,57.137799,3.791673,4794026832,318132376,8390289600,35,35
36,A7o,12,58.841195,57.169515,3.34336,14390063712,841552776,25170868800,36,36
37,K8s,4,58.31235,56.79041,3.04388,4764879872,255390320,8390289600,37,37
38,A3s,4,58.220321,56.335054,3.770534,4726674144,316358720,8390289600,38,38
39,QJo,12,58.13469,56.906232,2.456916,14323792908,618427116,25170868800,39,39
40,K9o,12,57.811925,56.407644,2.808562,14198293956,706939500,25170868800,40,40
41,A5o,12,57.696534,55.742294,3.908481,14030819688,983798556,25170868800,41,41
42,A6o,12,57.682452,55.870306,3.624293,14063041320,912266136,25170868800,42,42
43,Q9s,4,57.664322,56.222796,2.883051,4717255432,241896312,8390289600,43,43
44,K7s,4,57.537738,55.846321,3.382833,4685668056,283829500,8390289600,44,44
45,JTs,4,57.527857,56.154781,2.746152,4711548744,230410136,8390289600,45,45
46,A2s,4,57.378898,55.506261,3.745275,4657136004,314239392,8390289600,46,46
47,QTo,12,57.290783,55.94739,2.686786,14082444036,676287372,25170868800,47,47
48,44,6,57.022821,56.256514,1.532614,7080126660,192886188,12585434400,48,48
49,A4o,12,56.729678,54.73287,3.993614,13776739008,1005227436,25170868800,49,49
50,K6s,4,56.640736,54.804671,3.672128,4598270648,308102188,8390289600,50,50
51,K8o,12,56.020173,54.431634,3.177078,13700915064,799698144,25170868800,51,51
52,Q8s,4,56.017733,54.417019,3.201429,4565745456,268609136,8390289600,52,52
53,A3o,12,55.844602,53.855312,3.978581,13555849932,1001443308,25170868800,53,53
54,K5s,4,55.792918,53.833852,3.918131,4516816096,328742540,8390289600,54,54
55,J9s,4,55.662471,54.111984,3.100972,4540152204,260180548,8390289600,55,55
56,Q9o,12,55.360435,53.862004,2.996862,13557534336,754336212,25170868800,56,56
57,JTo,12,55.247703,53.826005,2.843396,13548473136,715707444,25170868800,57,57
58,K7o,12,55.18735,53.417328,3.540044,13445605572,891059868,25170868800,58,58
59,A2o,12,54.928559,52.947305,3.962506,13327296792,997397292,25170868800,59,59
60,K4s,4,54.884637,52.888844,3.991586,4437527136,334905636,8390289600,60,60
61,Q7s,4,54.302263,52.523486,3.557553,4406872624,298489036,8390289600,61,61
62,K6o,12,54.223279,52.29712,3.852317,13163639580,969661644,25170868800,62,62
63,K3s,4,54.054976,52.070127,3.969699,4368834452,333069232,8390289600,63,63
64,T9s,4,54.027529,52.376873,3.30131,4394571368,276989500,8390289600,64,64
65,J8s,4,54.015644,52.311653,3.407982,4389099188,285939576,8390289600,65,65
66,33,6,53.693076,52.839237,1.70768,6650047464,214918884,12585434400,66,66
67,Q6s,4,53.612566,51.679244,3.866645,4336038248,324422676,8390289600,67,67
68,Q8o,12,53.599792,51.930522,3.33854,13071363540,840339600,25170868800,68,68
69,K5o,12,53.313973,51.253917,4.120111,12901056312,1037067684,25170868800,69,69
70,J9o,12,53.251197,51.639381,3.223632,12998080776,811416252,25170868800,70,70
71,K2s,4,53.211728,51.239952,3.943552,4299180380,330875456,8390289600,71,71
72,Q5s,4,52.769411,50.71345,4.111921,4255005336,345002116,8390289600,72,72
73,T8s,4,52.334371,50.509148,3.650446,4237863772,306282984,8390289600,73,73
74,K4o,12,52.327472,50.225154,4.204635,12642107712,1058343276,25170868800,74,74
75,J7s,4,52.324781,50.454458,3.740646,4233275140,313851068,8390289600,75,75
76,Q4s,4,51.855302,49.763037,4.18453,4175262940,351094148,8390289600,76,76
77,Q7o,12,51.765666,49.904365,3.722603,12561362136,937011444,25170868800,77,77
78,T9o,12,51.531672,49.815696,3.431954,12539043384,863852532,25170868800,78,78
79,J8o,12,51.490163,49.713657,3.553011,12513359484,894323784,25170868800,79,79
80,K3o,12,51.42569,49.331264,4.188851,12417107796,1054370148,25170868800,80,80
81,Q6o,12,51.024052,48.996501,4.055103,12332844936,1020704652,25170868800,81,81
82,Q3s,4,51.019246,48.938409,4.161674,4106074268,349176528,8390289600,82,82
83,98s,4,50.800755,48.856274,3.888963,4099182876,326295240,8390289600,83,83
84,T7s,4,50.639038,48.651234,3.975608,4081979392,333565016,8390289600,84,84
85,J6s,4,50.605907,48.574245,4.063325,4075519804,340924720,8390289600,85,85
86,K2o,12,50.508724,48.422782,4.171883,12188434992,1050099204,25170868800,86,86
87,22,6,50.334019,49.385176,1.897686,6215338932,238832040,12585434400,87,87
88,Q2s,4,50.169035,48.101816,4.134439,4035881656,346891384,8390289600,88,88
89,Q5o,12,50.120083,47.959,4.322166,12071696952,1087926660,25170868800,89,89
90,J5s,4,49.98685,47.820945,4.33181,4012315744,363451384,8390289600,90,90
91,T8o,12,49.721274,47.818105,3.806337,12036232488,958088148,25170868800,91,91
92,J7o,12,49.681934,47.726131,3.911606,12013081716,984585216,25170868800,92,92
93,Q4o,12,49.127684,46.924765,4.405837,11811371136,1108987548,25170868800,93,93
94,97s,4,49.117731,46.99029,4.254883,3942621392,356996984,8390289600,94,94
95,J4s,4,49.070453,46.868668,4.403571,3932416972,369472352,8390289600,95,95
96,T6s,4,48.940676,46.800198,4.280956,3926672108,359184628,8390289600,96,96
97,J3s,4,48.231624,46.04175,4.379748,3863036176,367473516,8390289600,97,97
98,Q3o,12,48.219436,46.024897,4.389078,11584866456,1104769044,25170868800,98,98
99,98o,12,48.097033,46.068332,4.057401,11595799440,1021283148,25170868800,99,99
100,87s,4,47.93634,45.684108,4.504465,3833028948,377937644,8390289600,100,100
101,T7o,12,47.908136,45.829764,4.156744,11535749664,1046288544,25170868800,101,101
102,J6o,12,47.844273,45.713539,4.261468,11506494924,1072648548,25170868800,102,102
103,96s,4,47.428291,45.151167,4.554248,3788313664,382114568,8390289600,103,103
104,J2s,4,47.378152,45.202441,4.351423,3792615692,365097004,8390289600,104,104
105,Q2o,12,47.295437,45.10993,4.371013,11354561340,1100222052,25170868800,105,105
106,T5s,4,47.216259,44.939025,4.554467,3770514368,382132996,8390289600,106,106
107,J5o,12,47.180888,44.904648,4.552481,11302890012,1145898924,25170868800,107,107
108,T4s,4,46.530494,44.204069,4.652848,3708849436,390387460,8390289600,108,108
109,97o,12,46.297806,44.07206,4.451493,11093320344,1120479528,25170868800,109,109
110,86s,4,46.243269,43.818511,4.849516,3676499988,406888448,8390289600,110,110
111,J4o,12,46.186385,43.868735,4.635299,11042141700,1166745108,25170868800,111,111
112,T6o,12,46.092003,43.848125,4.487757,11036953920,1129607508,25170868800,112,112
113,95s,4,45.721875,43.312707,4.818334,3634061588,404272196,8390289600,113,113
114,T3s,4,45.692512,43.378483,4.628057,3639580380,388307408,8390289600,114,114
115,76s,4,45.371767,42.829477,5.08458,3593517120,426610996,8390289600,115,115
116,J3o,12,45.275545,42.966762,4.617565,10815107388,1162281228,25170868800,116,116
117,87o,12,45.050812,42.693294,4.715036,10746273060,1186815576,25170868800,117,117
118,T2s,4,44.839483,42.540161,4.598644,3569242692,385839528,8390289600,118,118
119,85s,4,44.544993,41.99046,5.109066,3523121184,428665412,8390289600,119,119
120,96o,12,44.491345,42.103393,4.775904,10597789824,1202136636,25170868800,120,120
121,J2o,12,44.348468,42.049266,4.598404,10584165504,1157458188,25170868800,121,121
122,T5o,12,44.25095,41.857476,4.786948,10535890248,1204916412,25170868800,122,122
123,94s,4,43.861971,41.407123,4.909696,3474177508,411937736,8390289600,123,123
124,75s,4,43.675537,40.979005,5.393063,3438257200,452493616,8390289600,124,124
125,T4o,12,43.504108,41.055389,4.897439,10333998000,1232727900,25170868800,125,125
126,93s,4,43.264258,40.806789,4.914937,3423807796,412377452,8390289600,126,126
127,86o,12,43.240902,40.696584,5.088635,10243683888,1280853576,25170868800,127,127
128,65s,4,43.133386,40.348188,5.570397,3385329780,467372476,8390289600,128,128
129,84s,4,42.701627,40.102778,5.197698,3364739252,436101884,8390289600,129,129
130,95o,12,42.669143,40.13672,5.064845,10102761228,1274865456,25170868800,130,130
131,T3o,12,42.594551,40.155186,4.87873,10107409188,1228018644,25170868800,131,131
132,92s,4,42.415172,39.972955,4.884435,3353846652,409818204,8390289600,132,132
133,76o,12,42.322747,39.653812,5.33787,9981208956,1343588268,25170868800,133,133
134,74s,4,41.849312,39.108909,5.480807,3281350684,459855556,8390289600,134,134
135,T2o,12,41.668351,39.239115,4.858472,9876826080,1222919556,25170868800,135,135
136,54s,4,41.45342,38.532532,5.841778,3232990992,490142052,8390289600,136,136
137,85o,12,41.427526,38.741271,5.37251,9751514484,1352307456,25170868800,137,137
138,64s,4,41.333319,38.480977,5.704683,3228665440,478639456,8390289600,138,138
139,83s,4,40.873504,38.282562,5.181883,3212017860,434775008,8390289600,139,139
140,94o,12,40.671054,38.085796,5.170516,9586525644,1301463756,25170868800,140,140
141,75o,12,40.511969,37.674684,5.674569,9483045336,1428338388,25170868800,141,141
142,82s,4,40.271634,37.679222,5.184825,3161395856,435021800,8390289600,142,142
143,73s,4,40.035936,37.303556,5.464759,3129876416,458509096,8390289600,143,143
144,93o,12,40.019514,37.427914,5.183201,9420931080,1304656740,25170868800,144,144
145,65o,12,39.944302,37.012755,5.863094,9316432056,1475791740,25170868800,145,145
146,53s,4,39.692962,36.758677,5.868571,3084159428,492390136,8390289600,146,146
147,63s,4,39.53356,36.68543,5.69626,3078013796,477932744,8390289600,147,147
148,84o,12,39.446791,36.709172,5.475239,9240017508,1378165236,25170868800,148,148
149,92o,12,39.097936,36.517013,5.161846,9191649444,1299281604,25170868800,149,149
150,43s,4,38.641948,35.727358,5.829181,2997628812,489085128,8390289600,150,150
151,74o,12,38.549828,35.661729,5.776198,8976366960,1453919256,25170868800,151,151
152,72s,4,38.155893,35.439838,5.432111,2973505028,455769868,8390289600,152,152
153,54o,12,38.155287,35.07482,6.160934,8828636988,1550760528,25170868800,153,153
154,64o,12,38.010488,35.002989,6.014999,8810556372,1514027508,25170868800,154,154
155,52s,4,37.849328,34.929535,5.839585,2930689164,489958132,8390289600,155,155
156,62s,4,37.668964,34.837548,5.662833,2922971144,475128068,8390289600,156,156
157,83o,12,37.483813,34.749849,5.467927,8746838952,1376324676,25170868800,157,157
158,42s,4,36.829015,33.917944,5.822141,2845813760,488494464,8390289600,158,158
159,82o,12,36.827674,34.08683,5.481689,8579951172,1379788716,25170868800,159,159
160,73o,12,36.602257,33.717911,5.768693,8487091056,1452030060,25170868800,160,160
161,53o,12,36.264771,33.164981,6.19958,8347913928,1560488064,25170868800,161,161
162,63o,12,36.077631,33.069789,6.015683,8323953276,1514199756,25170868800,162,162
163,32s,4,35.984431,33.091972,5.784918,2776512252,485371372,8390289600,163,163
164,43o,12,35.145893,32.066305,6.159177,8071367556,1550318316,25170868800,164,164
165,72o,12,34.583647,31.71028,5.746735,7981752972,1446503040,25170868800,165,165
166,52o,12,34.284646,31.193807,6.181676,7851752316,1555981644,25170868800,166,166
167,62o,12,34.075138,31.078656,5.992965,7822767648,1508481432,25170868800,167,167
168,42o,12,33.19975,30.117407,6.164687,7580812908,1551705276,25170868800,168,168
169,32o,12,32.303228,29.23945,6.127557,7359823500,1542359340,25170868800,169,169
